-- phpMyAdmin SQL Dump
-- version 4.5.2
-- http://www.phpmyadmin.net
--
-- Host: 127.0.0.1
-- Generation Time: Oct 31, 2016 at 09:39 PM
-- Server version: 5.7.9
-- PHP Version: 7.0.0

SET SQL_MODE = "NO_AUTO_VALUE_ON_ZERO";
SET time_zone = "+00:00";


/*!40101 SET @OLD_CHARACTER_SET_CLIENT=@@CHARACTER_SET_CLIENT */;
/*!40101 SET @OLD_CHARACTER_SET_RESULTS=@@CHARACTER_SET_RESULTS */;
/*!40101 SET @OLD_COLLATION_CONNECTION=@@COLLATION_CONNECTION */;
/*!40101 SET NAMES utf8mb4 */;

--
-- Database: `symfony_test`
--

-- --------------------------------------------------------

--
-- Table structure for table `acl_classes`
--

DROP TABLE IF EXISTS `acl_classes`;
CREATE TABLE IF NOT EXISTS `acl_classes` (
  `id` int(10) UNSIGNED NOT NULL AUTO_INCREMENT,
  `class_type` varchar(200) COLLATE utf8_unicode_ci NOT NULL,
  PRIMARY KEY (`id`),
  UNIQUE KEY `UNIQ_69DD750638A36066` (`class_type`)
) ENGINE=InnoDB AUTO_INCREMENT=9 DEFAULT CHARSET=utf8 COLLATE=utf8_unicode_ci;

--
-- Dumping data for table `acl_classes`
--

INSERT INTO `acl_classes` (`id`, `class_type`) VALUES
(1, 'AppBundle\\Admin\\CategoryAdmin'),
(2, 'AppBundle\\Admin\\ProductAdmin'),
(3, 'AppBundle\\Admin\\ProductImageAdmin'),
(6, 'AppBundle\\Entity\\Category'),
(7, 'AppBundle\\Entity\\Product'),
(8, 'Application\\Sonata\\UserBundle\\Entity\\User'),
(5, 'Sonata\\UserBundle\\Admin\\Entity\\GroupAdmin'),
(4, 'Sonata\\UserBundle\\Admin\\Entity\\UserAdmin');

-- --------------------------------------------------------

--
-- Table structure for table `acl_entries`
--

DROP TABLE IF EXISTS `acl_entries`;
CREATE TABLE IF NOT EXISTS `acl_entries` (
  `id` int(10) UNSIGNED NOT NULL AUTO_INCREMENT,
  `class_id` int(10) UNSIGNED NOT NULL,
  `object_identity_id` int(10) UNSIGNED DEFAULT NULL,
  `security_identity_id` int(10) UNSIGNED NOT NULL,
  `field_name` varchar(50) COLLATE utf8_unicode_ci DEFAULT NULL,
  `ace_order` smallint(5) UNSIGNED NOT NULL,
  `mask` int(11) NOT NULL,
  `granting` tinyint(1) NOT NULL,
  `granting_strategy` varchar(30) COLLATE utf8_unicode_ci NOT NULL,
  `audit_success` tinyint(1) NOT NULL,
  `audit_failure` tinyint(1) NOT NULL,
  PRIMARY KEY (`id`),
  UNIQUE KEY `UNIQ_46C8B806EA000B103D9AB4A64DEF17BCE4289BF4` (`class_id`,`object_identity_id`,`field_name`,`ace_order`),
  KEY `IDX_46C8B806EA000B103D9AB4A6DF9183C9` (`class_id`,`object_identity_id`,`security_identity_id`),
  KEY `IDX_46C8B806EA000B10` (`class_id`),
  KEY `IDX_46C8B8063D9AB4A6` (`object_identity_id`),
  KEY `IDX_46C8B806DF9183C9` (`security_identity_id`)
) ENGINE=InnoDB AUTO_INCREMENT=41 DEFAULT CHARSET=utf8 COLLATE=utf8_unicode_ci;

--
-- Dumping data for table `acl_entries`
--

INSERT INTO `acl_entries` (`id`, `class_id`, `object_identity_id`, `security_identity_id`, `field_name`, `ace_order`, `mask`, `granting`, `granting_strategy`, `audit_success`, `audit_failure`) VALUES
(1, 1, NULL, 1, NULL, 0, 64, 1, 'all', 0, 0),
(2, 1, NULL, 2, NULL, 1, 8224, 1, 'all', 0, 0),
(3, 1, NULL, 3, NULL, 2, 4098, 1, 'all', 0, 0),
(4, 1, NULL, 4, NULL, 3, 4096, 1, 'all', 0, 0),
(5, 2, NULL, 5, NULL, 0, 64, 1, 'all', 0, 0),
(6, 2, NULL, 6, NULL, 1, 8224, 1, 'all', 0, 0),
(7, 2, NULL, 7, NULL, 2, 4098, 1, 'all', 0, 0),
(8, 2, NULL, 8, NULL, 3, 4096, 1, 'all', 0, 0),
(9, 3, NULL, 9, NULL, 0, 64, 1, 'all', 0, 0),
(10, 3, NULL, 10, NULL, 1, 8224, 1, 'all', 0, 0),
(11, 3, NULL, 11, NULL, 2, 4098, 1, 'all', 0, 0),
(12, 3, NULL, 12, NULL, 3, 4096, 1, 'all', 0, 0),
(13, 4, NULL, 13, NULL, 0, 64, 1, 'all', 0, 0),
(14, 4, NULL, 14, NULL, 1, 8224, 1, 'all', 0, 0),
(15, 4, NULL, 15, NULL, 2, 4098, 1, 'all', 0, 0),
(16, 4, NULL, 16, NULL, 3, 4096, 1, 'all', 0, 0),
(17, 5, NULL, 17, NULL, 0, 64, 1, 'all', 0, 0),
(18, 5, NULL, 18, NULL, 1, 8224, 1, 'all', 0, 0),
(19, 5, NULL, 19, NULL, 2, 4098, 1, 'all', 0, 0),
(20, 5, NULL, 20, NULL, 3, 4096, 1, 'all', 0, 0),
(21, 6, NULL, 1, NULL, 0, 64, 1, 'all', 0, 0),
(22, 6, NULL, 2, NULL, 1, 32, 1, 'all', 0, 0),
(23, 6, NULL, 3, NULL, 2, 4, 1, 'all', 0, 0),
(24, 6, NULL, 4, NULL, 3, 1, 1, 'all', 0, 0),
(25, 7, NULL, 5, NULL, 0, 64, 1, 'all', 0, 0),
(26, 7, NULL, 6, NULL, 1, 32, 1, 'all', 0, 0),
(27, 7, NULL, 7, NULL, 2, 4, 1, 'all', 0, 0),
(28, 7, NULL, 8, NULL, 3, 1, 1, 'all', 0, 0),
(29, 8, NULL, 13, NULL, 0, 64, 1, 'all', 0, 0),
(30, 8, NULL, 14, NULL, 1, 32, 1, 'all', 0, 0),
(31, 8, NULL, 15, NULL, 2, 4, 1, 'all', 0, 0),
(32, 8, NULL, 16, NULL, 3, 1, 1, 'all', 0, 0),
(33, 8, 538, 21, NULL, 0, 0, 1, 'all', 0, 0),
(34, 8, 538, 22, NULL, 1, 0, 1, 'all', 0, 0),
(35, 8, 538, 23, NULL, 2, 1, 1, 'all', 0, 0),
(36, 8, 538, 24, NULL, 3, 0, 1, 'all', 0, 0),
(37, 8, 539, 21, NULL, 0, 0, 1, 'all', 0, 0),
(38, 8, 539, 22, NULL, 1, 1, 1, 'all', 0, 0),
(39, 8, 539, 23, NULL, 2, 0, 1, 'all', 0, 0),
(40, 8, 539, 24, NULL, 3, 0, 1, 'all', 0, 0);

-- --------------------------------------------------------

--
-- Table structure for table `acl_object_identities`
--

DROP TABLE IF EXISTS `acl_object_identities`;
CREATE TABLE IF NOT EXISTS `acl_object_identities` (
  `id` int(10) UNSIGNED NOT NULL AUTO_INCREMENT,
  `parent_object_identity_id` int(10) UNSIGNED DEFAULT NULL,
  `class_id` int(10) UNSIGNED NOT NULL,
  `object_identifier` varchar(100) COLLATE utf8_unicode_ci NOT NULL,
  `entries_inheriting` tinyint(1) NOT NULL,
  PRIMARY KEY (`id`),
  UNIQUE KEY `UNIQ_9407E5494B12AD6EA000B10` (`object_identifier`,`class_id`),
  KEY `IDX_9407E54977FA751A` (`parent_object_identity_id`)
) ENGINE=InnoDB AUTO_INCREMENT=541 DEFAULT CHARSET=utf8 COLLATE=utf8_unicode_ci;

--
-- Dumping data for table `acl_object_identities`
--

INSERT INTO `acl_object_identities` (`id`, `parent_object_identity_id`, `class_id`, `object_identifier`, `entries_inheriting`) VALUES
(1, NULL, 1, 'app.admin.category', 1),
(2, NULL, 2, 'app.admin.product', 1),
(3, NULL, 3, 'app.admin.product_image', 1),
(4, NULL, 4, 'sonata.user.admin.user', 1),
(5, NULL, 5, 'sonata.user.admin.group', 1),
(6, NULL, 6, '5', 1),
(7, NULL, 6, '6', 1),
(8, NULL, 6, '7', 1),
(9, NULL, 6, '8', 1),
(10, NULL, 7, '101', 1),
(11, NULL, 7, '102', 1),
(12, NULL, 7, '103', 1),
(13, NULL, 7, '104', 1),
(14, NULL, 7, '105', 1),
(15, NULL, 7, '106', 1),
(16, NULL, 7, '107', 1),
(17, NULL, 7, '108', 1),
(18, NULL, 7, '109', 1),
(19, NULL, 7, '110', 1),
(20, NULL, 7, '111', 1),
(21, NULL, 7, '112', 1),
(22, NULL, 7, '113', 1),
(23, NULL, 7, '114', 1),
(24, NULL, 7, '115', 1),
(25, NULL, 7, '116', 1),
(26, NULL, 7, '117', 1),
(27, NULL, 7, '118', 1),
(28, NULL, 7, '119', 1),
(29, NULL, 7, '120', 1),
(30, NULL, 7, '121', 1),
(31, NULL, 7, '122', 1),
(32, NULL, 7, '123', 1),
(33, NULL, 7, '124', 1),
(34, NULL, 7, '125', 1),
(35, NULL, 7, '126', 1),
(36, NULL, 7, '127', 1),
(37, NULL, 7, '128', 1),
(38, NULL, 7, '129', 1),
(39, NULL, 7, '130', 1),
(40, NULL, 7, '131', 1),
(41, NULL, 7, '132', 1),
(42, NULL, 7, '133', 1),
(43, NULL, 7, '134', 1),
(44, NULL, 7, '135', 1),
(45, NULL, 7, '136', 1),
(46, NULL, 7, '137', 1),
(47, NULL, 7, '138', 1),
(48, NULL, 7, '139', 1),
(49, NULL, 7, '140', 1),
(50, NULL, 7, '141', 1),
(51, NULL, 7, '142', 1),
(52, NULL, 7, '143', 1),
(53, NULL, 7, '144', 1),
(54, NULL, 7, '145', 1),
(55, NULL, 7, '146', 1),
(56, NULL, 7, '147', 1),
(57, NULL, 7, '148', 1),
(58, NULL, 7, '149', 1),
(59, NULL, 7, '150', 1),
(60, NULL, 7, '151', 1),
(61, NULL, 7, '152', 1),
(62, NULL, 7, '153', 1),
(63, NULL, 7, '154', 1),
(64, NULL, 7, '155', 1),
(65, NULL, 7, '156', 1),
(66, NULL, 7, '157', 1),
(67, NULL, 7, '158', 1),
(68, NULL, 7, '159', 1),
(69, NULL, 7, '160', 1),
(70, NULL, 7, '161', 1),
(71, NULL, 7, '162', 1),
(72, NULL, 7, '163', 1),
(73, NULL, 7, '164', 1),
(74, NULL, 7, '165', 1),
(75, NULL, 7, '166', 1),
(76, NULL, 7, '167', 1),
(77, NULL, 7, '168', 1),
(78, NULL, 7, '169', 1),
(79, NULL, 7, '170', 1),
(80, NULL, 7, '171', 1),
(81, NULL, 7, '172', 1),
(82, NULL, 7, '173', 1),
(83, NULL, 7, '174', 1),
(84, NULL, 7, '175', 1),
(85, NULL, 7, '176', 1),
(86, NULL, 7, '177', 1),
(87, NULL, 7, '178', 1),
(88, NULL, 7, '179', 1),
(89, NULL, 7, '180', 1),
(90, NULL, 7, '181', 1),
(91, NULL, 7, '182', 1),
(92, NULL, 7, '183', 1),
(93, NULL, 7, '184', 1),
(94, NULL, 7, '185', 1),
(95, NULL, 7, '186', 1),
(96, NULL, 7, '187', 1),
(97, NULL, 7, '188', 1),
(98, NULL, 7, '189', 1),
(99, NULL, 7, '190', 1),
(100, NULL, 7, '191', 1),
(101, NULL, 7, '192', 1),
(102, NULL, 7, '193', 1),
(103, NULL, 7, '194', 1),
(104, NULL, 7, '195', 1),
(105, NULL, 7, '196', 1),
(106, NULL, 7, '197', 1),
(107, NULL, 7, '198', 1),
(108, NULL, 7, '199', 1),
(109, NULL, 7, '200', 1),
(110, NULL, 8, '3', 1),
(111, NULL, 8, '4', 1),
(112, NULL, 6, '9', 1),
(113, NULL, 6, '10', 1),
(114, NULL, 6, '11', 1),
(115, NULL, 6, '12', 1),
(116, NULL, 7, '201', 1),
(117, NULL, 7, '202', 1),
(118, NULL, 7, '203', 1),
(119, NULL, 7, '204', 1),
(120, NULL, 7, '205', 1),
(121, NULL, 7, '206', 1),
(122, NULL, 7, '207', 1),
(123, NULL, 7, '208', 1),
(124, NULL, 7, '209', 1),
(125, NULL, 7, '210', 1),
(126, NULL, 7, '211', 1),
(127, NULL, 7, '212', 1),
(128, NULL, 7, '213', 1),
(129, NULL, 7, '214', 1),
(130, NULL, 7, '215', 1),
(131, NULL, 7, '216', 1),
(132, NULL, 7, '217', 1),
(133, NULL, 7, '218', 1),
(134, NULL, 7, '219', 1),
(135, NULL, 7, '220', 1),
(136, NULL, 7, '221', 1),
(137, NULL, 7, '222', 1),
(138, NULL, 7, '223', 1),
(139, NULL, 7, '224', 1),
(140, NULL, 7, '225', 1),
(141, NULL, 7, '226', 1),
(142, NULL, 7, '227', 1),
(143, NULL, 7, '228', 1),
(144, NULL, 7, '229', 1),
(145, NULL, 7, '230', 1),
(146, NULL, 7, '231', 1),
(147, NULL, 7, '232', 1),
(148, NULL, 7, '233', 1),
(149, NULL, 7, '234', 1),
(150, NULL, 7, '235', 1),
(151, NULL, 7, '236', 1),
(152, NULL, 7, '237', 1),
(153, NULL, 7, '238', 1),
(154, NULL, 7, '239', 1),
(155, NULL, 7, '240', 1),
(156, NULL, 7, '241', 1),
(157, NULL, 7, '242', 1),
(158, NULL, 7, '243', 1),
(159, NULL, 7, '244', 1),
(160, NULL, 7, '245', 1),
(161, NULL, 7, '246', 1),
(162, NULL, 7, '247', 1),
(163, NULL, 7, '248', 1),
(164, NULL, 7, '249', 1),
(165, NULL, 7, '250', 1),
(166, NULL, 7, '251', 1),
(167, NULL, 7, '252', 1),
(168, NULL, 7, '253', 1),
(169, NULL, 7, '254', 1),
(170, NULL, 7, '255', 1),
(171, NULL, 7, '256', 1),
(172, NULL, 7, '257', 1),
(173, NULL, 7, '258', 1),
(174, NULL, 7, '259', 1),
(175, NULL, 7, '260', 1),
(176, NULL, 7, '261', 1),
(177, NULL, 7, '262', 1),
(178, NULL, 7, '263', 1),
(179, NULL, 7, '264', 1),
(180, NULL, 7, '265', 1),
(181, NULL, 7, '266', 1),
(182, NULL, 7, '267', 1),
(183, NULL, 7, '268', 1),
(184, NULL, 7, '269', 1),
(185, NULL, 7, '270', 1),
(186, NULL, 7, '271', 1),
(187, NULL, 7, '272', 1),
(188, NULL, 7, '273', 1),
(189, NULL, 7, '274', 1),
(190, NULL, 7, '275', 1),
(191, NULL, 7, '276', 1),
(192, NULL, 7, '277', 1),
(193, NULL, 7, '278', 1),
(194, NULL, 7, '279', 1),
(195, NULL, 7, '280', 1),
(196, NULL, 7, '281', 1),
(197, NULL, 7, '282', 1),
(198, NULL, 7, '283', 1),
(199, NULL, 7, '284', 1),
(200, NULL, 7, '285', 1),
(201, NULL, 7, '286', 1),
(202, NULL, 7, '287', 1),
(203, NULL, 7, '288', 1),
(204, NULL, 7, '289', 1),
(205, NULL, 7, '290', 1),
(206, NULL, 7, '291', 1),
(207, NULL, 7, '292', 1),
(208, NULL, 7, '293', 1),
(209, NULL, 7, '294', 1),
(210, NULL, 7, '295', 1),
(211, NULL, 7, '296', 1),
(212, NULL, 7, '297', 1),
(213, NULL, 7, '298', 1),
(214, NULL, 7, '299', 1),
(215, NULL, 7, '300', 1),
(216, NULL, 8, '5', 1),
(217, NULL, 8, '6', 1),
(218, NULL, 6, '13', 1),
(219, NULL, 6, '14', 1),
(220, NULL, 6, '15', 1),
(221, NULL, 6, '16', 1),
(222, NULL, 7, '301', 1),
(223, NULL, 7, '302', 1),
(224, NULL, 7, '303', 1),
(225, NULL, 7, '304', 1),
(226, NULL, 7, '305', 1),
(227, NULL, 7, '306', 1),
(228, NULL, 7, '307', 1),
(229, NULL, 7, '308', 1),
(230, NULL, 7, '309', 1),
(231, NULL, 7, '310', 1),
(232, NULL, 7, '311', 1),
(233, NULL, 7, '312', 1),
(234, NULL, 7, '313', 1),
(235, NULL, 7, '314', 1),
(236, NULL, 7, '315', 1),
(237, NULL, 7, '316', 1),
(238, NULL, 7, '317', 1),
(239, NULL, 7, '318', 1),
(240, NULL, 7, '319', 1),
(241, NULL, 7, '320', 1),
(242, NULL, 7, '321', 1),
(243, NULL, 7, '322', 1),
(244, NULL, 7, '323', 1),
(245, NULL, 7, '324', 1),
(246, NULL, 7, '325', 1),
(247, NULL, 7, '326', 1),
(248, NULL, 7, '327', 1),
(249, NULL, 7, '328', 1),
(250, NULL, 7, '329', 1),
(251, NULL, 7, '330', 1),
(252, NULL, 7, '331', 1),
(253, NULL, 7, '332', 1),
(254, NULL, 7, '333', 1),
(255, NULL, 7, '334', 1),
(256, NULL, 7, '335', 1),
(257, NULL, 7, '336', 1),
(258, NULL, 7, '337', 1),
(259, NULL, 7, '338', 1),
(260, NULL, 7, '339', 1),
(261, NULL, 7, '340', 1),
(262, NULL, 7, '341', 1),
(263, NULL, 7, '342', 1),
(264, NULL, 7, '343', 1),
(265, NULL, 7, '344', 1),
(266, NULL, 7, '345', 1),
(267, NULL, 7, '346', 1),
(268, NULL, 7, '347', 1),
(269, NULL, 7, '348', 1),
(270, NULL, 7, '349', 1),
(271, NULL, 7, '350', 1),
(272, NULL, 7, '351', 1),
(273, NULL, 7, '352', 1),
(274, NULL, 7, '353', 1),
(275, NULL, 7, '354', 1),
(276, NULL, 7, '355', 1),
(277, NULL, 7, '356', 1),
(278, NULL, 7, '357', 1),
(279, NULL, 7, '358', 1),
(280, NULL, 7, '359', 1),
(281, NULL, 7, '360', 1),
(282, NULL, 7, '361', 1),
(283, NULL, 7, '362', 1),
(284, NULL, 7, '363', 1),
(285, NULL, 7, '364', 1),
(286, NULL, 7, '365', 1),
(287, NULL, 7, '366', 1),
(288, NULL, 7, '367', 1),
(289, NULL, 7, '368', 1),
(290, NULL, 7, '369', 1),
(291, NULL, 7, '370', 1),
(292, NULL, 7, '371', 1),
(293, NULL, 7, '372', 1),
(294, NULL, 7, '373', 1),
(295, NULL, 7, '374', 1),
(296, NULL, 7, '375', 1),
(297, NULL, 7, '376', 1),
(298, NULL, 7, '377', 1),
(299, NULL, 7, '378', 1),
(300, NULL, 7, '379', 1),
(301, NULL, 7, '380', 1),
(302, NULL, 7, '381', 1),
(303, NULL, 7, '382', 1),
(304, NULL, 7, '383', 1),
(305, NULL, 7, '384', 1),
(306, NULL, 7, '385', 1),
(307, NULL, 7, '386', 1),
(308, NULL, 7, '387', 1),
(309, NULL, 7, '388', 1),
(310, NULL, 7, '389', 1),
(311, NULL, 7, '390', 1),
(312, NULL, 7, '391', 1),
(313, NULL, 7, '392', 1),
(314, NULL, 7, '393', 1),
(315, NULL, 7, '394', 1),
(316, NULL, 7, '395', 1),
(317, NULL, 7, '396', 1),
(318, NULL, 7, '397', 1),
(319, NULL, 7, '398', 1),
(320, NULL, 7, '399', 1),
(321, NULL, 7, '400', 1),
(322, NULL, 8, '7', 1),
(323, NULL, 8, '8', 1),
(324, NULL, 8, '9', 1),
(325, NULL, 6, '17', 1),
(326, NULL, 6, '18', 1),
(327, NULL, 6, '19', 1),
(328, NULL, 6, '20', 1),
(329, NULL, 7, '401', 1),
(330, NULL, 7, '402', 1),
(331, NULL, 7, '403', 1),
(332, NULL, 7, '404', 1),
(333, NULL, 7, '405', 1),
(334, NULL, 7, '406', 1),
(335, NULL, 7, '407', 1),
(336, NULL, 7, '408', 1),
(337, NULL, 7, '409', 1),
(338, NULL, 7, '410', 1),
(339, NULL, 7, '411', 1),
(340, NULL, 7, '412', 1),
(341, NULL, 7, '413', 1),
(342, NULL, 7, '414', 1),
(343, NULL, 7, '415', 1),
(344, NULL, 7, '416', 1),
(345, NULL, 7, '417', 1),
(346, NULL, 7, '418', 1),
(347, NULL, 7, '419', 1),
(348, NULL, 7, '420', 1),
(349, NULL, 7, '421', 1),
(350, NULL, 7, '422', 1),
(351, NULL, 7, '423', 1),
(352, NULL, 7, '424', 1),
(353, NULL, 7, '425', 1),
(354, NULL, 7, '426', 1),
(355, NULL, 7, '427', 1),
(356, NULL, 7, '428', 1),
(357, NULL, 7, '429', 1),
(358, NULL, 7, '430', 1),
(359, NULL, 7, '431', 1),
(360, NULL, 7, '432', 1),
(361, NULL, 7, '433', 1),
(362, NULL, 7, '434', 1),
(363, NULL, 7, '435', 1),
(364, NULL, 7, '436', 1),
(365, NULL, 7, '437', 1),
(366, NULL, 7, '438', 1),
(367, NULL, 7, '439', 1),
(368, NULL, 7, '440', 1),
(369, NULL, 7, '441', 1),
(370, NULL, 7, '442', 1),
(371, NULL, 7, '443', 1),
(372, NULL, 7, '444', 1),
(373, NULL, 7, '445', 1),
(374, NULL, 7, '446', 1),
(375, NULL, 7, '447', 1),
(376, NULL, 7, '448', 1),
(377, NULL, 7, '449', 1),
(378, NULL, 7, '450', 1),
(379, NULL, 7, '451', 1),
(380, NULL, 7, '452', 1),
(381, NULL, 7, '453', 1),
(382, NULL, 7, '454', 1),
(383, NULL, 7, '455', 1),
(384, NULL, 7, '456', 1),
(385, NULL, 7, '457', 1),
(386, NULL, 7, '458', 1),
(387, NULL, 7, '459', 1),
(388, NULL, 7, '460', 1),
(389, NULL, 7, '461', 1),
(390, NULL, 7, '462', 1),
(391, NULL, 7, '463', 1),
(392, NULL, 7, '464', 1),
(393, NULL, 7, '465', 1),
(394, NULL, 7, '466', 1),
(395, NULL, 7, '467', 1),
(396, NULL, 7, '468', 1),
(397, NULL, 7, '469', 1),
(398, NULL, 7, '470', 1),
(399, NULL, 7, '471', 1),
(400, NULL, 7, '472', 1),
(401, NULL, 7, '473', 1),
(402, NULL, 7, '474', 1),
(403, NULL, 7, '475', 1),
(404, NULL, 7, '476', 1),
(405, NULL, 7, '477', 1),
(406, NULL, 7, '478', 1),
(407, NULL, 7, '479', 1),
(408, NULL, 7, '480', 1),
(409, NULL, 7, '481', 1),
(410, NULL, 7, '482', 1),
(411, NULL, 7, '483', 1),
(412, NULL, 7, '484', 1),
(413, NULL, 7, '485', 1),
(414, NULL, 7, '486', 1),
(415, NULL, 7, '487', 1),
(416, NULL, 7, '488', 1),
(417, NULL, 7, '489', 1),
(418, NULL, 7, '490', 1),
(419, NULL, 7, '491', 1),
(420, NULL, 7, '492', 1),
(421, NULL, 7, '493', 1),
(422, NULL, 7, '494', 1),
(423, NULL, 7, '495', 1),
(424, NULL, 7, '496', 1),
(425, NULL, 7, '497', 1),
(426, NULL, 7, '498', 1),
(427, NULL, 7, '499', 1),
(428, NULL, 7, '500', 1),
(429, NULL, 8, '10', 1),
(430, NULL, 8, '11', 1),
(431, NULL, 8, '12', 1),
(432, NULL, 8, '13', 1),
(433, NULL, 6, '41', 1),
(434, NULL, 6, '42', 1),
(435, NULL, 6, '43', 1),
(436, NULL, 6, '44', 1),
(437, NULL, 7, '1001', 1),
(438, NULL, 7, '1002', 1),
(439, NULL, 7, '1003', 1),
(440, NULL, 7, '1004', 1),
(441, NULL, 7, '1005', 1),
(442, NULL, 7, '1006', 1),
(443, NULL, 7, '1007', 1),
(444, NULL, 7, '1008', 1),
(445, NULL, 7, '1009', 1),
(446, NULL, 7, '1010', 1),
(447, NULL, 7, '1011', 1),
(448, NULL, 7, '1012', 1),
(449, NULL, 7, '1013', 1),
(450, NULL, 7, '1014', 1),
(451, NULL, 7, '1015', 1),
(452, NULL, 7, '1016', 1),
(453, NULL, 7, '1017', 1),
(454, NULL, 7, '1018', 1),
(455, NULL, 7, '1019', 1),
(456, NULL, 7, '1020', 1),
(457, NULL, 7, '1021', 1),
(458, NULL, 7, '1022', 1),
(459, NULL, 7, '1023', 1),
(460, NULL, 7, '1024', 1),
(461, NULL, 7, '1025', 1),
(462, NULL, 7, '1026', 1),
(463, NULL, 7, '1027', 1),
(464, NULL, 7, '1028', 1),
(465, NULL, 7, '1029', 1),
(466, NULL, 7, '1030', 1),
(467, NULL, 7, '1031', 1),
(468, NULL, 7, '1032', 1),
(469, NULL, 7, '1033', 1),
(470, NULL, 7, '1034', 1),
(471, NULL, 7, '1035', 1),
(472, NULL, 7, '1036', 1),
(473, NULL, 7, '1037', 1),
(474, NULL, 7, '1038', 1),
(475, NULL, 7, '1039', 1),
(476, NULL, 7, '1040', 1),
(477, NULL, 7, '1041', 1),
(478, NULL, 7, '1042', 1),
(479, NULL, 7, '1043', 1),
(480, NULL, 7, '1044', 1),
(481, NULL, 7, '1045', 1),
(482, NULL, 7, '1046', 1),
(483, NULL, 7, '1047', 1),
(484, NULL, 7, '1048', 1),
(485, NULL, 7, '1049', 1),
(486, NULL, 7, '1050', 1),
(487, NULL, 7, '1051', 1),
(488, NULL, 7, '1052', 1),
(489, NULL, 7, '1053', 1),
(490, NULL, 7, '1054', 1),
(491, NULL, 7, '1055', 1),
(492, NULL, 7, '1056', 1),
(493, NULL, 7, '1057', 1),
(494, NULL, 7, '1058', 1),
(495, NULL, 7, '1059', 1),
(496, NULL, 7, '1060', 1),
(497, NULL, 7, '1061', 1),
(498, NULL, 7, '1062', 1),
(499, NULL, 7, '1063', 1),
(500, NULL, 7, '1064', 1),
(501, NULL, 7, '1065', 1),
(502, NULL, 7, '1066', 1),
(503, NULL, 7, '1067', 1),
(504, NULL, 7, '1068', 1),
(505, NULL, 7, '1069', 1),
(506, NULL, 7, '1070', 1),
(507, NULL, 7, '1071', 1),
(508, NULL, 7, '1072', 1),
(509, NULL, 7, '1073', 1),
(510, NULL, 7, '1074', 1),
(511, NULL, 7, '1075', 1),
(512, NULL, 7, '1076', 1),
(513, NULL, 7, '1077', 1),
(514, NULL, 7, '1078', 1),
(515, NULL, 7, '1079', 1),
(516, NULL, 7, '1080', 1),
(517, NULL, 7, '1081', 1),
(518, NULL, 7, '1082', 1),
(519, NULL, 7, '1083', 1),
(520, NULL, 7, '1084', 1),
(521, NULL, 7, '1085', 1),
(522, NULL, 7, '1086', 1),
(523, NULL, 7, '1087', 1),
(524, NULL, 7, '1088', 1),
(525, NULL, 7, '1089', 1),
(526, NULL, 7, '1090', 1),
(527, NULL, 7, '1091', 1),
(528, NULL, 7, '1092', 1),
(529, NULL, 7, '1093', 1),
(530, NULL, 7, '1094', 1),
(531, NULL, 7, '1095', 1),
(532, NULL, 7, '1096', 1),
(533, NULL, 7, '1097', 1),
(534, NULL, 7, '1098', 1),
(535, NULL, 7, '1099', 1),
(536, NULL, 7, '1100', 1),
(537, NULL, 8, '34', 1),
(538, NULL, 8, '35', 1),
(539, NULL, 8, '36', 1),
(540, NULL, 8, '37', 1);

-- --------------------------------------------------------

--
-- Table structure for table `acl_object_identity_ancestors`
--

DROP TABLE IF EXISTS `acl_object_identity_ancestors`;
CREATE TABLE IF NOT EXISTS `acl_object_identity_ancestors` (
  `object_identity_id` int(10) UNSIGNED NOT NULL,
  `ancestor_id` int(10) UNSIGNED NOT NULL,
  PRIMARY KEY (`object_identity_id`,`ancestor_id`),
  KEY `IDX_825DE2993D9AB4A6` (`object_identity_id`),
  KEY `IDX_825DE299C671CEA1` (`ancestor_id`)
) ENGINE=InnoDB DEFAULT CHARSET=utf8 COLLATE=utf8_unicode_ci;

--
-- Dumping data for table `acl_object_identity_ancestors`
--

INSERT INTO `acl_object_identity_ancestors` (`object_identity_id`, `ancestor_id`) VALUES
(1, 1),
(2, 2),
(3, 3),
(4, 4),
(5, 5),
(6, 6),
(7, 7),
(8, 8),
(9, 9),
(10, 10),
(11, 11),
(12, 12),
(13, 13),
(14, 14),
(15, 15),
(16, 16),
(17, 17),
(18, 18),
(19, 19),
(20, 20),
(21, 21),
(22, 22),
(23, 23),
(24, 24),
(25, 25),
(26, 26),
(27, 27),
(28, 28),
(29, 29),
(30, 30),
(31, 31),
(32, 32),
(33, 33),
(34, 34),
(35, 35),
(36, 36),
(37, 37),
(38, 38),
(39, 39),
(40, 40),
(41, 41),
(42, 42),
(43, 43),
(44, 44),
(45, 45),
(46, 46),
(47, 47),
(48, 48),
(49, 49),
(50, 50),
(51, 51),
(52, 52),
(53, 53),
(54, 54),
(55, 55),
(56, 56),
(57, 57),
(58, 58),
(59, 59),
(60, 60),
(61, 61),
(62, 62),
(63, 63),
(64, 64),
(65, 65),
(66, 66),
(67, 67),
(68, 68),
(69, 69),
(70, 70),
(71, 71),
(72, 72),
(73, 73),
(74, 74),
(75, 75),
(76, 76),
(77, 77),
(78, 78),
(79, 79),
(80, 80),
(81, 81),
(82, 82),
(83, 83),
(84, 84),
(85, 85),
(86, 86),
(87, 87),
(88, 88),
(89, 89),
(90, 90),
(91, 91),
(92, 92),
(93, 93),
(94, 94),
(95, 95),
(96, 96),
(97, 97),
(98, 98),
(99, 99),
(100, 100),
(101, 101),
(102, 102),
(103, 103),
(104, 104),
(105, 105),
(106, 106),
(107, 107),
(108, 108),
(109, 109),
(110, 110),
(111, 111),
(112, 112),
(113, 113),
(114, 114),
(115, 115),
(116, 116),
(117, 117),
(118, 118),
(119, 119),
(120, 120),
(121, 121),
(122, 122),
(123, 123),
(124, 124),
(125, 125),
(126, 126),
(127, 127),
(128, 128),
(129, 129),
(130, 130),
(131, 131),
(132, 132),
(133, 133),
(134, 134),
(135, 135),
(136, 136),
(137, 137),
(138, 138),
(139, 139),
(140, 140),
(141, 141),
(142, 142),
(143, 143),
(144, 144),
(145, 145),
(146, 146),
(147, 147),
(148, 148),
(149, 149),
(150, 150),
(151, 151),
(152, 152),
(153, 153),
(154, 154),
(155, 155),
(156, 156),
(157, 157),
(158, 158),
(159, 159),
(160, 160),
(161, 161),
(162, 162),
(163, 163),
(164, 164),
(165, 165),
(166, 166),
(167, 167),
(168, 168),
(169, 169),
(170, 170),
(171, 171),
(172, 172),
(173, 173),
(174, 174),
(175, 175),
(176, 176),
(177, 177),
(178, 178),
(179, 179),
(180, 180),
(181, 181),
(182, 182),
(183, 183),
(184, 184),
(185, 185),
(186, 186),
(187, 187),
(188, 188),
(189, 189),
(190, 190),
(191, 191),
(192, 192),
(193, 193),
(194, 194),
(195, 195),
(196, 196),
(197, 197),
(198, 198),
(199, 199),
(200, 200),
(201, 201),
(202, 202),
(203, 203),
(204, 204),
(205, 205),
(206, 206),
(207, 207),
(208, 208),
(209, 209),
(210, 210),
(211, 211),
(212, 212),
(213, 213),
(214, 214),
(215, 215),
(216, 216),
(217, 217),
(218, 218),
(219, 219),
(220, 220),
(221, 221),
(222, 222),
(223, 223),
(224, 224),
(225, 225),
(226, 226),
(227, 227),
(228, 228),
(229, 229),
(230, 230),
(231, 231),
(232, 232),
(233, 233),
(234, 234),
(235, 235),
(236, 236),
(237, 237),
(238, 238),
(239, 239),
(240, 240),
(241, 241),
(242, 242),
(243, 243),
(244, 244),
(245, 245),
(246, 246),
(247, 247),
(248, 248),
(249, 249),
(250, 250),
(251, 251),
(252, 252),
(253, 253),
(254, 254),
(255, 255),
(256, 256),
(257, 257),
(258, 258),
(259, 259),
(260, 260),
(261, 261),
(262, 262),
(263, 263),
(264, 264),
(265, 265),
(266, 266),
(267, 267),
(268, 268),
(269, 269),
(270, 270),
(271, 271),
(272, 272),
(273, 273),
(274, 274),
(275, 275),
(276, 276),
(277, 277),
(278, 278),
(279, 279),
(280, 280),
(281, 281),
(282, 282),
(283, 283),
(284, 284),
(285, 285),
(286, 286),
(287, 287),
(288, 288),
(289, 289),
(290, 290),
(291, 291),
(292, 292),
(293, 293),
(294, 294),
(295, 295),
(296, 296),
(297, 297),
(298, 298),
(299, 299),
(300, 300),
(301, 301),
(302, 302),
(303, 303),
(304, 304),
(305, 305),
(306, 306),
(307, 307),
(308, 308),
(309, 309),
(310, 310),
(311, 311),
(312, 312),
(313, 313),
(314, 314),
(315, 315),
(316, 316),
(317, 317),
(318, 318),
(319, 319),
(320, 320),
(321, 321),
(322, 322),
(323, 323),
(324, 324),
(325, 325),
(326, 326),
(327, 327),
(328, 328),
(329, 329),
(330, 330),
(331, 331),
(332, 332),
(333, 333),
(334, 334),
(335, 335),
(336, 336),
(337, 337),
(338, 338),
(339, 339),
(340, 340),
(341, 341),
(342, 342),
(343, 343),
(344, 344),
(345, 345),
(346, 346),
(347, 347),
(348, 348),
(349, 349),
(350, 350),
(351, 351),
(352, 352),
(353, 353),
(354, 354),
(355, 355),
(356, 356),
(357, 357),
(358, 358),
(359, 359),
(360, 360),
(361, 361),
(362, 362),
(363, 363),
(364, 364),
(365, 365),
(366, 366),
(367, 367),
(368, 368),
(369, 369),
(370, 370),
(371, 371),
(372, 372),
(373, 373),
(374, 374),
(375, 375),
(376, 376),
(377, 377),
(378, 378),
(379, 379),
(380, 380),
(381, 381),
(382, 382),
(383, 383),
(384, 384),
(385, 385),
(386, 386),
(387, 387),
(388, 388),
(389, 389),
(390, 390),
(391, 391),
(392, 392),
(393, 393),
(394, 394),
(395, 395),
(396, 396),
(397, 397),
(398, 398),
(399, 399),
(400, 400),
(401, 401),
(402, 402),
(403, 403),
(404, 404),
(405, 405),
(406, 406),
(407, 407),
(408, 408),
(409, 409),
(410, 410),
(411, 411),
(412, 412),
(413, 413),
(414, 414),
(415, 415),
(416, 416),
(417, 417),
(418, 418),
(419, 419),
(420, 420),
(421, 421),
(422, 422),
(423, 423),
(424, 424),
(425, 425),
(426, 426),
(427, 427),
(428, 428),
(429, 429),
(430, 430),
(431, 431),
(432, 432),
(433, 433),
(434, 434),
(435, 435),
(436, 436),
(437, 437),
(438, 438),
(439, 439),
(440, 440),
(441, 441),
(442, 442),
(443, 443),
(444, 444),
(445, 445),
(446, 446),
(447, 447),
(448, 448),
(449, 449),
(450, 450),
(451, 451),
(452, 452),
(453, 453),
(454, 454),
(455, 455),
(456, 456),
(457, 457),
(458, 458),
(459, 459),
(460, 460),
(461, 461),
(462, 462),
(463, 463),
(464, 464),
(465, 465),
(466, 466),
(467, 467),
(468, 468),
(469, 469),
(470, 470),
(471, 471),
(472, 472),
(473, 473),
(474, 474),
(475, 475),
(476, 476),
(477, 477),
(478, 478),
(479, 479),
(480, 480),
(481, 481),
(482, 482),
(483, 483),
(484, 484),
(485, 485),
(486, 486),
(487, 487),
(488, 488),
(489, 489),
(490, 490),
(491, 491),
(492, 492),
(493, 493),
(494, 494),
(495, 495),
(496, 496),
(497, 497),
(498, 498),
(499, 499),
(500, 500),
(501, 501),
(502, 502),
(503, 503),
(504, 504),
(505, 505),
(506, 506),
(507, 507),
(508, 508),
(509, 509),
(510, 510),
(511, 511),
(512, 512),
(513, 513),
(514, 514),
(515, 515),
(516, 516),
(517, 517),
(518, 518),
(519, 519),
(520, 520),
(521, 521),
(522, 522),
(523, 523),
(524, 524),
(525, 525),
(526, 526),
(527, 527),
(528, 528),
(529, 529),
(530, 530),
(531, 531),
(532, 532),
(533, 533),
(534, 534),
(535, 535),
(536, 536),
(537, 537),
(538, 538),
(539, 539),
(540, 540);

-- --------------------------------------------------------

--
-- Table structure for table `acl_security_identities`
--

DROP TABLE IF EXISTS `acl_security_identities`;
CREATE TABLE IF NOT EXISTS `acl_security_identities` (
  `id` int(10) UNSIGNED NOT NULL AUTO_INCREMENT,
  `identifier` varchar(200) COLLATE utf8_unicode_ci NOT NULL,
  `username` tinyint(1) NOT NULL,
  PRIMARY KEY (`id`),
  UNIQUE KEY `UNIQ_8835EE78772E836AF85E0677` (`identifier`,`username`)
) ENGINE=InnoDB AUTO_INCREMENT=25 DEFAULT CHARSET=utf8 COLLATE=utf8_unicode_ci;

--
-- Dumping data for table `acl_security_identities`
--

INSERT INTO `acl_security_identities` (`id`, `identifier`, `username`) VALUES
(22, 'Application\\Sonata\\UserBundle\\Entity\\User-alice', 1),
(23, 'Application\\Sonata\\UserBundle\\Entity\\User-lili', 1),
(21, 'Application\\Sonata\\UserBundle\\Entity\\User-ryan', 1),
(24, 'Application\\Sonata\\UserBundle\\Entity\\User-tom', 1),
(1, 'ROLE_APP_ADMIN_CATEGORY_ADMIN', 0),
(2, 'ROLE_APP_ADMIN_CATEGORY_EDITOR', 0),
(4, 'ROLE_APP_ADMIN_CATEGORY_GUEST', 0),
(3, 'ROLE_APP_ADMIN_CATEGORY_STAFF', 0),
(5, 'ROLE_APP_ADMIN_PRODUCT_ADMIN', 0),
(6, 'ROLE_APP_ADMIN_PRODUCT_EDITOR', 0),
(8, 'ROLE_APP_ADMIN_PRODUCT_GUEST', 0),
(9, 'ROLE_APP_ADMIN_PRODUCT_IMAGE_ADMIN', 0),
(10, 'ROLE_APP_ADMIN_PRODUCT_IMAGE_EDITOR', 0),
(12, 'ROLE_APP_ADMIN_PRODUCT_IMAGE_GUEST', 0),
(11, 'ROLE_APP_ADMIN_PRODUCT_IMAGE_STAFF', 0),
(7, 'ROLE_APP_ADMIN_PRODUCT_STAFF', 0),
(17, 'ROLE_SONATA_USER_ADMIN_GROUP_ADMIN', 0),
(18, 'ROLE_SONATA_USER_ADMIN_GROUP_EDITOR', 0),
(20, 'ROLE_SONATA_USER_ADMIN_GROUP_GUEST', 0),
(19, 'ROLE_SONATA_USER_ADMIN_GROUP_STAFF', 0),
(13, 'ROLE_SONATA_USER_ADMIN_USER_ADMIN', 0),
(14, 'ROLE_SONATA_USER_ADMIN_USER_EDITOR', 0),
(16, 'ROLE_SONATA_USER_ADMIN_USER_GUEST', 0),
(15, 'ROLE_SONATA_USER_ADMIN_USER_STAFF', 0);

-- --------------------------------------------------------

--
-- Table structure for table `app_category`
--

DROP TABLE IF EXISTS `app_category`;
CREATE TABLE IF NOT EXISTS `app_category` (
  `id` int(11) NOT NULL AUTO_INCREMENT,
  `title` varchar(64) COLLATE utf8_unicode_ci NOT NULL,
  `slug` varchar(255) COLLATE utf8_unicode_ci NOT NULL,
  PRIMARY KEY (`id`)
) ENGINE=InnoDB AUTO_INCREMENT=45 DEFAULT CHARSET=utf8 COLLATE=utf8_unicode_ci;

--
-- Dumping data for table `app_category`
--

INSERT INTO `app_category` (`id`, `title`, `slug`) VALUES
(41, 'Industrial & Environmental', 'industrial-environmental'),
(42, 'Entertainment & Display', 'entertainment-display'),
(43, 'Agrigulcure & Horticultural', 'agrigulcure-horticultural'),
(44, 'Intelligent Light Sources', 'intelligent-light-sources');

-- --------------------------------------------------------

--
-- Table structure for table `app_product`
--

DROP TABLE IF EXISTS `app_product`;
CREATE TABLE IF NOT EXISTS `app_product` (
  `id` int(11) NOT NULL AUTO_INCREMENT,
  `category_id` int(11) NOT NULL,
  `name` varchar(100) COLLATE utf8_unicode_ci NOT NULL,
  `slug` varchar(255) COLLATE utf8_unicode_ci NOT NULL,
  `price` decimal(10,2) NOT NULL,
  `description` longtext COLLATE utf8_unicode_ci NOT NULL,
  `created_at` datetime NOT NULL,
  `stock` int(11) NOT NULL,
  PRIMARY KEY (`id`),
  KEY `IDX_3E1784E012469DE2` (`category_id`)
) ENGINE=InnoDB AUTO_INCREMENT=1101 DEFAULT CHARSET=utf8 COLLATE=utf8_unicode_ci;

--
-- Dumping data for table `app_product`
--

INSERT INTO `app_product` (`id`, `category_id`, `name`, `slug`, `price`, `description`, `created_at`, `stock`) VALUES
(1001, 43, 'Accusamus nihil repellat vero omnis voluptates id amet et.', 'accusamus-nihil-repellat-vero-omnis-voluptates-id-amet-et', '342.00', 'Totam nulla quam ipsam voluptatem cupiditate sed natus debitis. Aut laudantium sit repudiandae esse perspiciatis dignissimos error. Itaque quibusdam tempora velit porro ut velit soluta.', '2016-10-31 21:29:52', 69),
(1002, 42, 'Debitis et saepe eum sint dolorem delectus.', 'debitis-et-saepe-eum-sint-dolorem-delectus', '178.00', 'Libero et velit qui suscipit. Deserunt laudantium quibusdam enim nostrum soluta qui ipsam non.', '2016-10-31 21:29:52', 41),
(1003, 44, 'Aperiam et fuga doloribus nisi placeat cumque est ducimus.', 'aperiam-et-fuga-doloribus-nisi-placeat-cumque-est-ducimus', '230.00', 'Unde non dicta eveniet. Aut porro sed magni cupiditate. Vitae voluptas sint non. Ut optio quos qui illo error nihil laborum.', '2016-10-31 21:29:52', 95),
(1004, 43, 'Id corporis incidunt saepe provident esse hic.', 'id-corporis-incidunt-saepe-provident-esse-hic', '498.00', 'Ab voluptas sed a nam et sint. Inventore aut officia aut aut blanditiis et ducimus. Odit amet et est ut. Nisi molestiae quidem ut sunt et quidem est.', '2016-10-31 21:29:52', 88),
(1005, 42, 'Fuga est placeat rerum ut et.', 'fuga-est-placeat-rerum-ut-et', '363.00', 'Sunt quia delectus aut nam et eum architecto. Repellendus illo veritatis qui ex. Veritatis voluptate vel possimus omnis aut. Sunt cumque asperiores incidunt iure.', '2016-10-31 21:29:52', 67),
(1006, 44, 'Rem aut rerum exercitationem est rem dicta.', 'rem-aut-rerum-exercitationem-est-rem-dicta', '627.00', 'Qui architecto fugiat nemo omnis consequatur recusandae qui cupiditate. Quod veritatis vel optio provident. Incidunt magnam molestias et quibusdam et ab quo voluptatum.', '2016-10-31 21:29:52', 17),
(1007, 42, 'Est accusantium eveniet aut atque possimus aut dolores quis.', 'est-accusantium-eveniet-aut-atque-possimus-aut-dolores-quis', '239.00', 'Nesciunt est quia assumenda. Sunt qui similique ut culpa. Consequatur reiciendis sit et nihil ut porro.', '2016-10-31 21:29:52', 61),
(1008, 43, 'Molestiae et dolore quaerat molestiae iste.', 'molestiae-et-dolore-quaerat-molestiae-iste', '145.00', 'Sequi quia quasi quae sint saepe numquam tempora et. Aperiam natus ut doloribus magni quasi impedit aperiam. Similique ad sed architecto quod nulla. Voluptas quibusdam inventore esse harum accusantium rerum nulla.', '2016-10-31 21:29:52', 76),
(1009, 44, 'Quos sed autem voluptatibus eum aut nesciunt.', 'quos-sed-autem-voluptatibus-eum-aut-nesciunt', '28.00', 'Eaque molestias sit id labore similique ut voluptatem laudantium. Eveniet quam vero fuga. Omnis temporibus maxime sint suscipit laudantium.', '2016-10-31 21:29:52', 13),
(1010, 44, 'Voluptas fuga non autem non non explicabo et neque.', 'voluptas-fuga-non-autem-non-non-explicabo-et-neque', '363.00', 'Aut at consequatur non rerum in cupiditate voluptas. Fuga quod cum non qui quaerat cupiditate incidunt id. Dolorem veritatis voluptatem perferendis molestiae.', '2016-10-31 21:29:52', 26),
(1011, 41, 'Possimus ab in hic molestiae odio.', 'possimus-ab-in-hic-molestiae-odio', '91.00', 'Beatae reprehenderit exercitationem corrupti dolorem reprehenderit. Ducimus omnis molestiae consequatur sint consequatur est qui doloremque. Qui rerum accusamus beatae. Enim et doloribus voluptatibus perspiciatis. Sapiente quia suscipit doloribus.', '2016-10-31 21:29:52', 82),
(1012, 44, 'Libero quas magni rerum consequatur laudantium nisi quo.', 'libero-quas-magni-rerum-consequatur-laudantium-nisi-quo', '646.00', 'Debitis omnis voluptatem voluptatem et eaque praesentium et. Est velit molestiae porro consequuntur quos. Animi nobis doloribus illo velit eius similique dolore consequatur.', '2016-10-31 21:29:52', 31),
(1013, 43, 'Saepe dolor in perspiciatis sit consectetur temporibus voluptate.', 'saepe-dolor-in-perspiciatis-sit-consectetur-temporibus-voluptate', '949.00', 'Culpa rerum soluta in dicta molestiae asperiores consequuntur sit. Dolorum aliquam doloremque et reprehenderit nesciunt eum non. Esse et ut quis corporis voluptate ullam. Non ratione eaque possimus quia optio explicabo et. Tempore quod tempore totam iste quidem eum labore velit.', '2016-10-31 21:29:52', 40),
(1014, 41, 'Voluptatem officiis vel dignissimos et dolorem.', 'voluptatem-officiis-vel-dignissimos-et-dolorem', '427.00', 'Quibusdam ad in maiores nisi eius. Sapiente quia recusandae aut numquam laboriosam sint enim. Quod ullam at ut non eos sed amet sunt.', '2016-10-31 21:29:52', 27),
(1015, 42, 'Occaecati natus assumenda reiciendis similique et laudantium vel nisi.', 'occaecati-natus-assumenda-reiciendis-similique-et-laudantium-vel-nisi', '938.00', 'Nihil beatae omnis voluptatibus quae sit veniam. Eos officiis et est nisi iusto amet neque. Totam aut nisi non omnis voluptatem. Nesciunt eligendi eos sint ut voluptates.', '2016-10-31 21:29:52', 22),
(1016, 42, 'Aut enim nihil repellat ut culpa dolore.', 'aut-enim-nihil-repellat-ut-culpa-dolore', '693.00', 'Neque autem nihil esse. Pariatur reprehenderit assumenda error consequatur fugit ad iste. Ullam quidem quo vero soluta nostrum ea dolores. Fuga labore qui et.', '2016-10-31 21:29:52', 94),
(1017, 44, 'Et omnis porro voluptatibus enim quia reprehenderit magni.', 'et-omnis-porro-voluptatibus-enim-quia-reprehenderit-magni', '373.00', 'Alias et et quis quae. Ratione quis voluptates nulla totam eos omnis. Perferendis voluptatem nisi quis. Ullam voluptas et tempora repellat corporis excepturi sint.', '2016-10-31 21:29:52', 25),
(1018, 44, 'Quia nisi accusantium natus voluptatem.', 'quia-nisi-accusantium-natus-voluptatem', '104.00', 'Ut ut sapiente ut qui quidem explicabo. Amet velit aut delectus iure sed alias. Perspiciatis deserunt omnis inventore mollitia unde id in id.', '2016-10-31 21:29:52', 42),
(1019, 41, 'Maxime sint doloremque similique aut est dolores.', 'maxime-sint-doloremque-similique-aut-est-dolores', '446.00', 'Modi consequatur dicta ipsa temporibus sit. Cupiditate doloremque odio ad asperiores quaerat eius accusamus. Dolorem earum ut consequatur facilis molestias quo. Minima illo delectus iste modi accusantium autem.', '2016-10-31 21:29:52', 32),
(1020, 41, 'Et dolorum quos aliquam delectus accusantium quidem ut.', 'et-dolorum-quos-aliquam-delectus-accusantium-quidem-ut', '960.00', 'Placeat delectus voluptatem earum officiis sed. Ut voluptatem est quod alias iste. Aut tempore pariatur et libero explicabo quia.', '2016-10-31 21:29:52', 36),
(1021, 41, 'Unde voluptatem tempora beatae.', 'unde-voluptatem-tempora-beatae', '389.00', 'Et laboriosam dolor odit omnis vel. Similique quia quas beatae et nam itaque. Fugit ea accusantium temporibus qui. Est et et cum eius.', '2016-10-31 21:29:52', 21),
(1022, 44, 'Occaecati culpa aut in laudantium omnis.', 'occaecati-culpa-aut-in-laudantium-omnis', '973.00', 'Corporis aliquid aut cumque consequuntur non qui. Maiores aliquid rerum autem qui est velit. Et necessitatibus tenetur doloremque iusto quibusdam fuga. Voluptas iure rerum voluptas.', '2016-10-31 21:29:52', 21),
(1023, 43, 'Odio ut aliquid et sit enim.', 'odio-ut-aliquid-et-sit-enim', '581.00', 'Repudiandae qui voluptatem distinctio modi officiis. Suscipit facilis vel ut modi quia recusandae qui. Quo voluptas totam asperiores ab tenetur voluptatem. Reiciendis cum accusamus ut et nobis iste accusantium quaerat.', '2016-10-31 21:29:52', 84),
(1024, 41, 'Tenetur sed possimus vero eos voluptatem at qui.', 'tenetur-sed-possimus-vero-eos-voluptatem-at-qui', '428.00', 'Fugit natus quaerat quibusdam alias omnis accusamus aut. Perspiciatis itaque doloribus qui dicta eligendi quae. Facere quo beatae deleniti quia molestiae alias quo quis.', '2016-10-31 21:29:52', 82),
(1025, 43, 'Sit in ut qui fugiat dolores.', 'sit-in-ut-qui-fugiat-dolores', '400.00', 'Quas ex similique consequatur. Fuga dolores aut velit illo illum. Voluptas a aperiam voluptas aut qui neque minus eos.', '2016-10-31 21:29:52', 29),
(1026, 42, 'Et et et fugit reiciendis excepturi enim.', 'et-et-et-fugit-reiciendis-excepturi-enim', '823.00', 'Non dolore quis et eius. Et omnis eaque pariatur non ea vel. Rerum explicabo inventore quam suscipit qui accusamus. Dolorem voluptatem est similique tenetur aut sit aliquam.', '2016-10-31 21:29:52', 92),
(1027, 41, 'Eveniet consequatur sit impedit sint nam.', 'eveniet-consequatur-sit-impedit-sint-nam', '27.00', 'Ut nemo possimus qui totam. Perspiciatis harum animi et ad rerum perferendis. Et facere quisquam et quod velit velit ut. Repellendus ut sit laudantium consequuntur aut.', '2016-10-31 21:29:52', 56),
(1028, 41, 'Ut est in reprehenderit reiciendis accusamus facilis.', 'ut-est-in-reprehenderit-reiciendis-accusamus-facilis', '506.00', 'Qui nostrum doloremque minima aut molestiae. Est consequatur numquam tempore similique ut debitis consequatur facere. Doloremque quasi vero nobis error fuga ut. Quia quasi sit dolore ad sunt est.', '2016-10-31 21:29:52', 93),
(1029, 41, 'Officiis ut quis quisquam consequatur asperiores voluptatem.', 'officiis-ut-quis-quisquam-consequatur-asperiores-voluptatem', '296.00', 'Voluptatem molestiae cupiditate rerum ratione rerum. Ducimus nulla voluptatem aperiam ipsa eius repellat adipisci. Voluptas doloremque esse dolor qui illo placeat harum voluptatem.', '2016-10-31 21:29:52', 27),
(1030, 43, 'Voluptas ut dolorem voluptates deserunt.', 'voluptas-ut-dolorem-voluptates-deserunt', '566.00', 'Est ipsam quia reprehenderit sint mollitia sed facere. Sit delectus ad iusto molestias iusto. Laboriosam nulla earum eius repellat culpa.', '2016-10-31 21:29:52', 63),
(1031, 43, 'Sit nihil laboriosam sed recusandae.', 'sit-nihil-laboriosam-sed-recusandae', '951.00', 'Dolorum voluptas cupiditate aut consequatur aut ullam qui ea. Aut cum vitae nostrum non. Non omnis aut quos ut ad est quidem eum. Voluptates laboriosam ea porro blanditiis eos enim non aut.', '2016-10-31 21:29:52', 9),
(1032, 42, 'Sapiente et et fuga recusandae voluptatem veniam.', 'sapiente-et-et-fuga-recusandae-voluptatem-veniam', '54.00', 'Dolore explicabo nisi a aut architecto et aut. Nam cum tempore doloremque. Aut qui perferendis praesentium cupiditate iste. Provident qui debitis nisi ad ipsa magni nihil voluptatem.', '2016-10-31 21:29:52', 44),
(1033, 41, 'Recusandae omnis consequatur ut repellendus officiis nihil reprehenderit.', 'recusandae-omnis-consequatur-ut-repellendus-officiis-nihil-reprehenderit', '972.00', 'Magnam iure enim sed velit aut. Quod cupiditate culpa nisi eos cupiditate quibusdam eveniet. Provident quas omnis voluptatem quia soluta recusandae id.', '2016-10-31 21:29:52', 10),
(1034, 43, 'Est deleniti et accusantium nesciunt voluptas et aut.', 'est-deleniti-et-accusantium-nesciunt-voluptas-et-aut', '978.00', 'Molestiae eum et eos fugiat voluptas. Consequuntur nostrum culpa in quod. Quae dignissimos sunt atque aut unde.', '2016-10-31 21:29:52', 87),
(1035, 44, 'Hic ut atque expedita ratione minima aut ut reiciendis.', 'hic-ut-atque-expedita-ratione-minima-aut-ut-reiciendis', '897.00', 'Culpa velit dignissimos molestias tenetur a cumque. Et rerum dolore consectetur et beatae. Nulla quisquam labore saepe perspiciatis doloremque.', '2016-10-31 21:29:52', 54),
(1036, 43, 'Accusamus magnam non ratione enim velit ullam.', 'accusamus-magnam-non-ratione-enim-velit-ullam', '796.00', 'Consequuntur quo dolore qui in et quasi. Rerum ex accusamus aut itaque. Sit quidem fugit sapiente ullam. Dolore inventore consectetur sed repellat quia vitae iure. Dolorem totam laboriosam sit enim adipisci sint velit rerum.', '2016-10-31 21:29:52', 17),
(1037, 41, 'Ducimus odio fuga vitae expedita.', 'ducimus-odio-fuga-vitae-expedita', '861.00', 'Corporis dolores et officia et necessitatibus quasi qui. Rem consequatur hic incidunt. Sunt tempora sunt aliquam mollitia id repudiandae. Doloremque placeat ut esse.', '2016-10-31 21:29:52', 80),
(1038, 43, 'Cumque commodi corrupti cum ratione.', 'cumque-commodi-corrupti-cum-ratione', '747.00', 'Quam provident vel tenetur asperiores animi ipsa. Optio odio aspernatur qui dolor blanditiis suscipit. Veniam neque omnis dolor qui.', '2016-10-31 21:29:52', 20),
(1039, 43, 'Quisquam sed aut quia.', 'quisquam-sed-aut-quia', '861.00', 'Quasi corporis rerum quo ut accusantium omnis quibusdam. Aut culpa dolores consectetur quod. Quisquam aut cupiditate aperiam. Adipisci veritatis vel voluptas voluptatem cumque sed. Odit excepturi accusamus vel quae.', '2016-10-31 21:29:52', 65),
(1040, 41, 'Ut odio et id consequatur.', 'ut-odio-et-id-consequatur', '130.00', 'Voluptates dignissimos est officiis est repudiandae est atque. Inventore sed ipsum omnis maiores esse. Perspiciatis inventore voluptatem corrupti exercitationem nisi quaerat. Voluptatem harum sed quia et.', '2016-10-31 21:29:52', 16),
(1041, 41, 'Est totam provident sunt dolores est.', 'est-totam-provident-sunt-dolores-est', '733.00', 'Quis consequuntur voluptates non quasi minima eveniet. Laborum dolor quasi totam qui ipsam iusto enim. Molestias amet aut qui. Et fuga velit iure consequuntur qui provident et.', '2016-10-31 21:29:52', 28),
(1042, 42, 'Adipisci libero qui qui maiores est ducimus.', 'adipisci-libero-qui-qui-maiores-est-ducimus', '261.00', 'Aliquam saepe aspernatur quasi et sit enim. Atque inventore consequatur mollitia ducimus veritatis doloribus ad. Quos saepe quia quia unde. Error modi saepe eos et ab.', '2016-10-31 21:29:52', 8),
(1043, 44, 'Possimus voluptas blanditiis et quo aut culpa.', 'possimus-voluptas-blanditiis-et-quo-aut-culpa', '624.00', 'Exercitationem animi qui provident. Distinctio consequatur temporibus sunt.', '2016-10-31 21:29:52', 6),
(1044, 42, 'Impedit et cumque rerum qui ut non perspiciatis.', 'impedit-et-cumque-rerum-qui-ut-non-perspiciatis', '271.00', 'Sed sint magni qui sint quos aut. Labore sit quod est qui dolor reprehenderit alias. Similique impedit beatae dolores nobis recusandae qui voluptas rerum. Et harum dolor quaerat libero.', '2016-10-31 21:29:52', 99),
(1045, 41, 'Voluptas dolore explicabo vero voluptates fugit officiis explicabo.', 'voluptas-dolore-explicabo-vero-voluptates-fugit-officiis-explicabo', '671.00', 'Minima nulla suscipit id tempore voluptatibus. Et deleniti tenetur itaque illo sunt possimus esse et.', '2016-10-31 21:29:52', 36),
(1046, 43, 'Et et cumque nesciunt reiciendis sit.', 'et-et-cumque-nesciunt-reiciendis-sit', '372.00', 'Repudiandae temporibus blanditiis sit maiores quo. Qui pariatur cumque hic sunt harum alias omnis. Asperiores aliquid ducimus fuga temporibus consequuntur omnis sit.', '2016-10-31 21:29:52', 48),
(1047, 42, 'Consectetur quia recusandae eligendi.', 'consectetur-quia-recusandae-eligendi', '774.00', 'Vitae neque optio quod et consectetur ut expedita ratione. Qui sed ut repudiandae. Sit asperiores eum et nisi cumque et quod. Aut nulla neque minus dolores sit iusto rerum officia. Neque pariatur vel laudantium et laborum veniam.', '2016-10-31 21:29:52', 61),
(1048, 41, 'In et fugit eius facilis.', 'in-et-fugit-eius-facilis', '834.00', 'Voluptas est accusantium eveniet rerum architecto commodi est. Distinctio eum sit hic voluptatum quis debitis et.', '2016-10-31 21:29:52', 14),
(1049, 41, 'Debitis qui ipsum perferendis ut dolorum excepturi deleniti.', 'debitis-qui-ipsum-perferendis-ut-dolorum-excepturi-deleniti', '396.00', 'Aut consequuntur ipsum dolores in dolor. Qui corrupti et non quos quia repellat expedita. Ducimus qui odit et sed illo.', '2016-10-31 21:29:52', 18),
(1050, 42, 'Necessitatibus accusamus sed iure voluptatum excepturi sit.', 'necessitatibus-accusamus-sed-iure-voluptatum-excepturi-sit', '137.00', 'Voluptatem quasi consequatur modi consequuntur eveniet. Voluptatem culpa dolores quis sunt occaecati est. Vel aut aliquid libero quis sit.', '2016-10-31 21:29:52', 58),
(1051, 41, 'Quidem vel doloremque modi est qui.', 'quidem-vel-doloremque-modi-est-qui', '412.00', 'Minus quos laudantium porro quibusdam voluptatem suscipit quo consequatur. Repellendus voluptas quam culpa. Molestiae consectetur aut esse libero.', '2016-10-31 21:29:52', 15),
(1052, 43, 'Et id aspernatur sapiente voluptatum.', 'et-id-aspernatur-sapiente-voluptatum', '830.00', 'Et et fuga fugit consequatur cum esse laborum. Sit debitis tempora aperiam nam. Consequatur voluptates error ut recusandae quis. Facilis sit ea quia velit.', '2016-10-31 21:29:52', 46),
(1053, 41, 'Et sit enim molestias sunt odio.', 'et-sit-enim-molestias-sunt-odio', '953.00', 'Tempore dolorem eaque libero. Voluptatem quidem quo similique vel consequatur deleniti id. Veniam aut velit perferendis dolores. Nesciunt ullam fugiat maiores omnis quo. Quod voluptas quibusdam exercitationem ab.', '2016-10-31 21:29:52', 57),
(1054, 42, 'Sunt perferendis repellendus sapiente accusamus dolor.', 'sunt-perferendis-repellendus-sapiente-accusamus-dolor', '10.00', 'Expedita repellat aut velit cumque optio qui. Quaerat consequuntur mollitia eaque. Optio voluptatibus et non ab necessitatibus exercitationem nemo et.', '2016-10-31 21:29:52', 58),
(1055, 43, 'Mollitia et veniam eaque et recusandae.', 'mollitia-et-veniam-eaque-et-recusandae', '732.00', 'Perspiciatis molestias sed dicta molestiae illo possimus qui. Velit dolorem facere officiis nostrum dolore nulla. Ea quo fugiat unde alias sunt rerum fuga. Placeat corporis hic odio. Totam quia tempora id reprehenderit voluptas maiores consequatur.', '2016-10-31 21:29:52', 70),
(1056, 42, 'Aut voluptatum quia voluptatem est quo.', 'aut-voluptatum-quia-voluptatem-est-quo', '398.00', 'In eum et fuga voluptatem libero et illo. Consectetur est error aspernatur magnam aut.', '2016-10-31 21:29:52', 7),
(1057, 41, 'Ea omnis velit ratione quia minus sint quis.', 'ea-omnis-velit-ratione-quia-minus-sint-quis', '163.00', 'Ratione dolorem fugit inventore repellendus. Sit unde et est qui delectus. Id non praesentium itaque sequi architecto. Veniam accusantium maiores commodi qui.', '2016-10-31 21:29:52', 78),
(1058, 42, 'Voluptate explicabo excepturi molestias occaecati quo culpa distinctio et.', 'voluptate-explicabo-excepturi-molestias-occaecati-quo-culpa-distinctio-et', '303.00', 'Qui dolor sit cumque natus non. Esse dicta architecto omnis quae. Nihil est sit beatae.', '2016-10-31 21:29:52', 0),
(1059, 42, 'Laborum perspiciatis quos illo sed.', 'laborum-perspiciatis-quos-illo-sed', '39.00', 'Molestiae expedita ut beatae repellendus doloremque omnis. Aut et eius et dolorem rerum ab et. Voluptatem aperiam qui animi pariatur rerum explicabo.', '2016-10-31 21:29:52', 60),
(1060, 41, 'Et qui placeat ut.', 'et-qui-placeat-ut', '469.00', 'Officia aut enim iusto quae consequatur excepturi. Excepturi ipsum culpa dolorum similique a. Quae veniam qui qui aspernatur ut. Nesciunt eius est minus quis.', '2016-10-31 21:29:52', 0),
(1061, 41, 'Minus aut ea eos at blanditiis architecto.', 'minus-aut-ea-eos-at-blanditiis-architecto', '597.00', 'Soluta dicta impedit vel accusamus rerum vel. Quo incidunt aperiam sunt unde ut ullam. Ut natus et ratione voluptate.', '2016-10-31 21:29:52', 7),
(1062, 43, 'Placeat fugiat itaque et sit est.', 'placeat-fugiat-itaque-et-sit-est', '555.00', 'Vel qui unde et dolor. Assumenda dolor enim exercitationem sunt culpa voluptatibus. Id cupiditate asperiores assumenda molestiae culpa nobis. Ut culpa aliquam debitis. Magni qui qui officia.', '2016-10-31 21:29:52', 51),
(1063, 42, 'Quibusdam est ratione voluptatem et consequatur.', 'quibusdam-est-ratione-voluptatem-et-consequatur', '895.00', 'Nesciunt nobis aperiam facere non iure nihil quia. Nihil est dolorum voluptas est voluptatem a. Possimus aut sit voluptas consequatur rerum sunt porro.', '2016-10-31 21:29:52', 68),
(1064, 44, 'Alias ex consequatur qui eaque ut necessitatibus.', 'alias-ex-consequatur-qui-eaque-ut-necessitatibus', '455.00', 'Architecto odio alias sed eaque ut ut officia. Ipsam voluptatem nulla molestias et minus hic et aperiam. Corporis fugiat distinctio occaecati omnis illum ipsum odit. Culpa quae dolores blanditiis aut ut.', '2016-10-31 21:29:52', 38),
(1065, 41, 'Impedit recusandae temporibus quam.', 'impedit-recusandae-temporibus-quam', '463.00', 'Hic aut qui rem minima unde. Molestiae autem id nobis quo aliquid. Ex asperiores neque ea voluptas ut ut. Qui sed sint magnam voluptatem nostrum illum.', '2016-10-31 21:29:52', 29),
(1066, 41, 'Iste vel perferendis consequuntur assumenda.', 'iste-vel-perferendis-consequuntur-assumenda', '246.00', 'Animi libero sit repudiandae id aliquam. A tempora ipsam error vel laudantium. Assumenda a iusto perspiciatis dolor.', '2016-10-31 21:29:52', 24),
(1067, 43, 'Nihil ducimus rerum est similique et perferendis.', 'nihil-ducimus-rerum-est-similique-et-perferendis', '288.00', 'Voluptatem accusantium excepturi soluta temporibus repellendus. Eum cupiditate in quaerat et. Temporibus quo soluta molestiae optio consectetur.', '2016-10-31 21:29:52', 52),
(1068, 41, 'Eum natus officia laudantium recusandae aliquam deleniti rerum qui.', 'eum-natus-officia-laudantium-recusandae-aliquam-deleniti-rerum-qui', '317.00', 'Possimus nesciunt voluptatibus ipsum officia. Iste et et beatae totam.', '2016-10-31 21:29:52', 53),
(1069, 44, 'Qui repellendus necessitatibus hic ipsa.', 'qui-repellendus-necessitatibus-hic-ipsa', '653.00', 'Et odio explicabo quam accusamus voluptate sint quia. Autem impedit perspiciatis perspiciatis illo odit id. Illo omnis quidem quo.', '2016-10-31 21:29:52', 36),
(1070, 42, 'Voluptas corrupti placeat odio at.', 'voluptas-corrupti-placeat-odio-at', '33.00', 'Ea ad harum tempore ab quis impedit. Assumenda aut aliquid consequatur nulla explicabo commodi praesentium voluptatem. Non optio consequatur occaecati delectus ut amet ipsam magni. Nobis dolorem iusto odio alias.', '2016-10-31 21:29:52', 47),
(1071, 41, 'Ea architecto nisi nulla consectetur.', 'ea-architecto-nisi-nulla-consectetur', '382.00', 'Aut blanditiis in pariatur omnis blanditiis consectetur itaque consequuntur. Praesentium itaque et reiciendis quo sapiente est. Quaerat voluptas vitae quia molestiae.', '2016-10-31 21:29:52', 35),
(1072, 43, 'Quo autem id ut voluptatem.', 'quo-autem-id-ut-voluptatem', '620.00', 'Ipsam consequatur quaerat minima id corrupti veritatis aspernatur neque. Quia saepe itaque inventore laborum aut commodi et. Inventore dolor assumenda ut minus vitae odit magnam.', '2016-10-31 21:29:52', 2),
(1073, 43, 'Earum unde et ut corporis recusandae ad omnis explicabo.', 'earum-unde-et-ut-corporis-recusandae-ad-omnis-explicabo', '128.00', 'Aut facilis a eum et. Perferendis asperiores et reprehenderit rem dolorum consequuntur. Nisi aut accusamus aut ratione recusandae omnis.', '2016-10-31 21:29:52', 75),
(1074, 43, 'Similique culpa dolorem dolor perspiciatis sit nostrum eum.', 'similique-culpa-dolorem-dolor-perspiciatis-sit-nostrum-eum', '267.00', 'Iure necessitatibus qui expedita. Rerum veritatis veritatis nam.', '2016-10-31 21:29:52', 41),
(1075, 44, 'Voluptatem qui ut itaque iusto consequuntur.', 'voluptatem-qui-ut-itaque-iusto-consequuntur', '133.00', 'Ea eligendi in ab facere sunt dolor. Ut et fugiat animi veniam ad animi. Impedit voluptatum qui iure laboriosam laborum. Iusto ipsum suscipit qui qui tempora qui qui alias.', '2016-10-31 21:29:52', 41),
(1076, 43, 'Nisi sed maiores veritatis laudantium aliquid incidunt.', 'nisi-sed-maiores-veritatis-laudantium-aliquid-incidunt', '802.00', 'Omnis est accusamus iusto et quis voluptate. Vel praesentium aliquam dolor quasi eum et nihil ut. Odio quia consequuntur temporibus alias nihil. Officia sapiente nesciunt atque. Eius totam esse velit voluptas temporibus.', '2016-10-31 21:29:52', 24),
(1077, 42, 'Voluptas ut maxime qui fugiat officia ut omnis.', 'voluptas-ut-maxime-qui-fugiat-officia-ut-omnis', '500.00', 'Tempora non aut aut totam molestiae assumenda fugiat. Ab unde a cumque.', '2016-10-31 21:29:52', 47),
(1078, 43, 'Facere totam similique voluptatum mollitia ab quo.', 'facere-totam-similique-voluptatum-mollitia-ab-quo', '886.00', 'Veniam iure doloremque possimus cumque ad provident. Asperiores excepturi explicabo voluptas a molestiae.', '2016-10-31 21:29:52', 80),
(1079, 43, 'Velit et et reprehenderit officia consequatur.', 'velit-et-et-reprehenderit-officia-consequatur', '438.00', 'Tempore maxime nemo rerum in dolores molestias earum quos. Eos ipsam culpa non ut ex. Nihil quidem est eum quia et amet. Sed illo unde sint magni ea nemo sed. In laborum est ratione natus perferendis fuga animi nulla.', '2016-10-31 21:29:52', 43),
(1080, 42, 'Ratione est eveniet perspiciatis et et sed.', 'ratione-est-eveniet-perspiciatis-et-et-sed', '986.00', 'Similique mollitia non enim ad totam. Quis aliquid maiores ipsa esse ullam cupiditate ut. Deserunt doloremque magnam et impedit quo. Vel deserunt eius architecto commodi eum at.', '2016-10-31 21:29:52', 64),
(1081, 43, 'Vero animi unde doloribus.', 'vero-animi-unde-doloribus', '403.00', 'Consectetur debitis a animi tempore ut ut exercitationem. Quia ad quas ut cumque laborum quod. Ducimus suscipit quia nostrum veritatis saepe ex.', '2016-10-31 21:29:52', 10),
(1082, 41, 'Sit numquam vel est sunt.', 'sit-numquam-vel-est-sunt', '990.00', 'Non saepe in voluptatem vel rem quaerat. Magni aut eaque vel deleniti. Velit deleniti enim rerum sequi vel et. Excepturi et eos vero hic quia.', '2016-10-31 21:29:52', 19),
(1083, 43, 'Molestiae cum et facere fugiat sed earum.', 'molestiae-cum-et-facere-fugiat-sed-earum', '341.00', 'Deserunt nobis doloribus enim ipsa dolores. Asperiores voluptates ut delectus sapiente quo. Rerum nihil sint placeat ipsa id ullam.', '2016-10-31 21:29:52', 2),
(1084, 44, 'Debitis voluptatem earum sed totam aut impedit facere.', 'debitis-voluptatem-earum-sed-totam-aut-impedit-facere', '536.00', 'Officia ducimus ea beatae eum amet provident sint. Eius et reprehenderit aliquam excepturi id et. Voluptate molestiae ut qui.', '2016-10-31 21:29:52', 35),
(1085, 41, 'Quod dolorem perspiciatis eos quis asperiores.', 'quod-dolorem-perspiciatis-eos-quis-asperiores', '587.00', 'Qui voluptas dicta beatae deleniti in quis. Blanditiis ab architecto quas illum cum aut facilis dolore.', '2016-10-31 21:29:52', 54),
(1086, 41, 'Nostrum omnis dolorem dicta repellendus dolorum fugit.', 'nostrum-omnis-dolorem-dicta-repellendus-dolorum-fugit', '926.00', 'Enim cupiditate qui dolore nobis in autem dicta. Deserunt perspiciatis ut vel quibusdam. Consequuntur voluptatem molestias possimus magnam.', '2016-10-31 21:29:52', 21),
(1087, 43, 'Voluptas et et omnis est.', 'voluptas-et-et-omnis-est', '266.00', 'Qui suscipit vel aut magnam architecto corrupti itaque. Tenetur exercitationem autem consequatur. Perspiciatis animi ab assumenda debitis est nihil atque. Labore maxime explicabo assumenda sit repellat.', '2016-10-31 21:29:52', 66),
(1088, 41, 'Pariatur vero fuga consequatur praesentium consequatur nihil.', 'pariatur-vero-fuga-consequatur-praesentium-consequatur-nihil', '759.00', 'Similique cumque provident et cum architecto. Provident voluptas ut omnis. Dolorem ut repellat delectus magnam repudiandae. Et a accusantium tempora consequuntur est ut commodi sed.', '2016-10-31 21:29:52', 83),
(1089, 44, 'Harum assumenda sed illo voluptatem nobis fugit inventore sed.', 'harum-assumenda-sed-illo-voluptatem-nobis-fugit-inventore-sed', '859.00', 'Dignissimos sint et inventore ipsam ullam ullam dolor debitis. Saepe vel possimus est labore et totam adipisci. Odit molestiae tempora aut quidem quam dignissimos. Rerum beatae laboriosam possimus ut.', '2016-10-31 21:29:52', 24),
(1090, 44, 'Ex ratione facilis consequatur est est et eveniet porro.', 'ex-ratione-facilis-consequatur-est-est-et-eveniet-porro', '571.00', 'Quo velit quaerat libero provident nihil. Alias eos et cum illum corrupti et maiores. Iure tempora perspiciatis repudiandae.', '2016-10-31 21:29:52', 28),
(1091, 41, 'Dolorem quisquam amet nam ipsa.', 'dolorem-quisquam-amet-nam-ipsa', '250.00', 'Iste praesentium at porro aut corporis. In quia asperiores sed sit. Vero excepturi nihil harum sit et nemo rerum.', '2016-10-31 21:29:52', 75),
(1092, 43, 'Qui voluptatem asperiores voluptates consequuntur.', 'qui-voluptatem-asperiores-voluptates-consequuntur', '683.00', 'Nesciunt quam hic perspiciatis ab est neque ipsam. A error consequatur vero sint. Rerum vel aut provident odio atque. At molestiae commodi id distinctio commodi dolorem.', '2016-10-31 21:29:52', 52),
(1093, 41, 'Vel voluptatibus vero veritatis eligendi consequatur et tempore enim.', 'vel-voluptatibus-vero-veritatis-eligendi-consequatur-et-tempore-enim', '923.00', 'Qui pariatur nam minus architecto consequatur. Et nulla voluptate iste enim sunt architecto. Amet eveniet voluptatem et vero tempore. Commodi aut culpa totam iste. Sit et voluptatum suscipit aut dolores voluptatem et.', '2016-10-31 21:29:52', 53),
(1094, 42, 'Tempora provident et nobis dolore.', 'tempora-provident-et-nobis-dolore', '771.00', 'Cumque aperiam voluptatem necessitatibus nobis vel qui. Voluptatem dolores distinctio velit. Quaerat reiciendis aut saepe reprehenderit quis modi molestias. Expedita delectus accusamus magni qui.', '2016-10-31 21:29:52', 10),
(1095, 42, 'Deleniti illo blanditiis eum quia illum et pariatur.', 'deleniti-illo-blanditiis-eum-quia-illum-et-pariatur', '605.00', 'Nisi sed recusandae placeat accusantium repudiandae. Labore dolores iusto dolor est. Sit iusto eius qui perferendis rem molestiae. Omnis qui eos et pariatur.', '2016-10-31 21:29:52', 99),
(1096, 42, 'Voluptatem animi velit maxime sint natus omnis.', 'voluptatem-animi-velit-maxime-sint-natus-omnis', '584.00', 'Ad placeat dolorem eveniet architecto. Aut itaque eius qui delectus aspernatur maiores. Quam unde dolorum voluptates et eaque.', '2016-10-31 21:29:52', 66),
(1097, 42, 'Incidunt dolore quasi placeat amet veniam.', 'incidunt-dolore-quasi-placeat-amet-veniam', '643.00', 'Soluta quia quidem quibusdam odit quos voluptate et. Non corrupti numquam dolore sit facilis quisquam. Eligendi nemo nisi voluptate nobis vero sit laborum. Sapiente atque suscipit quisquam et quos non.', '2016-10-31 21:29:52', 69),
(1098, 41, 'Dolore expedita ut eos assumenda expedita rerum nesciunt.', 'dolore-expedita-ut-eos-assumenda-expedita-rerum-nesciunt', '135.00', 'Dolores labore facere numquam. Corrupti quidem earum est sit dolores consectetur. Cupiditate et sunt suscipit eos et et. Excepturi sed qui dolorum sed.', '2016-10-31 21:29:52', 21),
(1099, 43, 'Autem nostrum ad sed eos molestiae earum.', 'autem-nostrum-ad-sed-eos-molestiae-earum', '832.00', 'Et eius illo qui sunt. Numquam est dolore veritatis cupiditate occaecati sequi quod assumenda. Amet ut laudantium voluptatem autem ratione. Nihil eligendi error dolore dolores autem voluptatum porro consequuntur. Quia neque odit voluptatem ut quod.', '2016-10-31 21:29:52', 95),
(1100, 41, 'Sit ut sapiente fugit ullam veniam beatae.', 'sit-ut-sapiente-fugit-ullam-veniam-beatae', '313.00', 'Quam ut eos illum quod est. Et id est illum veniam eos quam placeat. Maxime ab aut aut fugit.', '2016-10-31 21:29:52', 51);

-- --------------------------------------------------------

--
-- Table structure for table `fos_user_group`
--

DROP TABLE IF EXISTS `fos_user_group`;
CREATE TABLE IF NOT EXISTS `fos_user_group` (
  `id` int(11) NOT NULL AUTO_INCREMENT,
  `name` varchar(255) COLLATE utf8_unicode_ci NOT NULL,
  `roles` longtext COLLATE utf8_unicode_ci NOT NULL COMMENT '(DC2Type:array)',
  PRIMARY KEY (`id`),
  UNIQUE KEY `UNIQ_583D1F3E5E237E06` (`name`)
) ENGINE=InnoDB DEFAULT CHARSET=utf8 COLLATE=utf8_unicode_ci;

-- --------------------------------------------------------

--
-- Table structure for table `fos_user_user`
--

DROP TABLE IF EXISTS `fos_user_user`;
CREATE TABLE IF NOT EXISTS `fos_user_user` (
  `id` int(11) NOT NULL AUTO_INCREMENT,
  `username` varchar(255) COLLATE utf8_unicode_ci NOT NULL,
  `username_canonical` varchar(255) COLLATE utf8_unicode_ci NOT NULL,
  `email` varchar(255) COLLATE utf8_unicode_ci NOT NULL,
  `email_canonical` varchar(255) COLLATE utf8_unicode_ci NOT NULL,
  `enabled` tinyint(1) NOT NULL,
  `salt` varchar(255) COLLATE utf8_unicode_ci DEFAULT NULL,
  `password` varchar(255) COLLATE utf8_unicode_ci NOT NULL,
  `last_login` datetime DEFAULT NULL,
  `locked` tinyint(1) NOT NULL,
  `expired` tinyint(1) NOT NULL,
  `expires_at` datetime DEFAULT NULL,
  `confirmation_token` varchar(255) COLLATE utf8_unicode_ci DEFAULT NULL,
  `password_requested_at` datetime DEFAULT NULL,
  `roles` longtext COLLATE utf8_unicode_ci NOT NULL COMMENT '(DC2Type:array)',
  `credentials_expired` tinyint(1) NOT NULL,
  `credentials_expire_at` datetime DEFAULT NULL,
  `created_at` datetime NOT NULL,
  `updated_at` datetime NOT NULL,
  `date_of_birth` datetime DEFAULT NULL,
  `firstname` varchar(64) COLLATE utf8_unicode_ci DEFAULT NULL,
  `lastname` varchar(64) COLLATE utf8_unicode_ci DEFAULT NULL,
  `website` varchar(64) COLLATE utf8_unicode_ci DEFAULT NULL,
  `biography` varchar(1000) COLLATE utf8_unicode_ci DEFAULT NULL,
  `gender` varchar(1) COLLATE utf8_unicode_ci DEFAULT NULL,
  `locale` varchar(8) COLLATE utf8_unicode_ci DEFAULT NULL,
  `timezone` varchar(64) COLLATE utf8_unicode_ci DEFAULT NULL,
  `phone` varchar(64) COLLATE utf8_unicode_ci DEFAULT NULL,
  `facebook_uid` varchar(255) COLLATE utf8_unicode_ci DEFAULT NULL,
  `facebook_name` varchar(255) COLLATE utf8_unicode_ci DEFAULT NULL,
  `facebook_data` longtext COLLATE utf8_unicode_ci COMMENT '(DC2Type:json)',
  `twitter_uid` varchar(255) COLLATE utf8_unicode_ci DEFAULT NULL,
  `twitter_name` varchar(255) COLLATE utf8_unicode_ci DEFAULT NULL,
  `twitter_data` longtext COLLATE utf8_unicode_ci COMMENT '(DC2Type:json)',
  `gplus_uid` varchar(255) COLLATE utf8_unicode_ci DEFAULT NULL,
  `gplus_name` varchar(255) COLLATE utf8_unicode_ci DEFAULT NULL,
  `gplus_data` longtext COLLATE utf8_unicode_ci COMMENT '(DC2Type:json)',
  `token` varchar(255) COLLATE utf8_unicode_ci DEFAULT NULL,
  `two_step_code` varchar(255) COLLATE utf8_unicode_ci DEFAULT NULL,
  PRIMARY KEY (`id`),
  UNIQUE KEY `UNIQ_C560D76192FC23A8` (`username_canonical`),
  UNIQUE KEY `UNIQ_C560D761A0D96FBF` (`email_canonical`)
) ENGINE=InnoDB AUTO_INCREMENT=38 DEFAULT CHARSET=utf8 COLLATE=utf8_unicode_ci;

--
-- Dumping data for table `fos_user_user`
--

INSERT INTO `fos_user_user` (`id`, `username`, `username_canonical`, `email`, `email_canonical`, `enabled`, `salt`, `password`, `last_login`, `locked`, `expired`, `expires_at`, `confirmation_token`, `password_requested_at`, `roles`, `credentials_expired`, `credentials_expire_at`, `created_at`, `updated_at`, `date_of_birth`, `firstname`, `lastname`, `website`, `biography`, `gender`, `locale`, `timezone`, `phone`, `facebook_uid`, `facebook_name`, `facebook_data`, `twitter_uid`, `twitter_name`, `twitter_data`, `gplus_uid`, `gplus_name`, `gplus_data`, `token`, `two_step_code`) VALUES
(34, 'tom', 'tom', 't@t.net', 't@t.net', 1, NULL, '$2y$13$kp0Pffky61fHwurnOqbsMOxtgqjglr53MX2yPGjydExZ/Qg4cYSQG', NULL, 0, 0, NULL, NULL, NULL, 'a:0:{}', 0, NULL, '2016-10-31 21:29:52', '2016-10-31 21:29:52', NULL, NULL, NULL, NULL, NULL, 'u', NULL, NULL, NULL, NULL, NULL, 'null', NULL, NULL, 'null', NULL, NULL, 'null', NULL, NULL),
(35, 'lili', 'lili', 'l@l.net', 'l@l.net', 1, NULL, '$2y$13$Uiqnpf998BY0xNhO.oy02OkEAhuNAQ62tOF7pYuFgnuuMm8qPb/1K', '2016-10-31 21:38:52', 0, 0, NULL, NULL, NULL, 'a:1:{i:0;s:18:"ROLE_CONTENT_STAFF";}', 0, NULL, '2016-10-31 21:29:52', '2016-10-31 21:38:52', NULL, NULL, NULL, NULL, NULL, 'u', NULL, NULL, NULL, NULL, NULL, 'null', NULL, NULL, 'null', NULL, NULL, 'null', NULL, NULL),
(36, 'alice', 'alice', 'a@a.net', 'a@a.net', 1, NULL, '$2y$13$/kRYMHAOcGI8D6vU3/PO0.p45mKWVCSddKVUaD4BKSNMm24aahl3W', '2016-10-31 21:39:14', 0, 0, NULL, NULL, NULL, 'a:1:{i:0;s:18:"ROLE_CONTENT_ADMIN";}', 0, NULL, '2016-10-31 21:29:53', '2016-10-31 21:39:14', NULL, NULL, NULL, NULL, NULL, 'u', NULL, NULL, NULL, NULL, NULL, 'null', NULL, NULL, 'null', NULL, NULL, 'null', NULL, NULL),
(37, 'ryan', 'ryan', 's@s.net', 's@s.net', 1, NULL, '$2y$13$KazMwIhGJXfeV7QsArMjqu4zqzYA02SJ3CoFSGI6KA8duKzu98Vci', '2016-10-31 21:37:36', 0, 0, NULL, NULL, NULL, 'a:1:{i:0;s:16:"ROLE_SUPER_ADMIN";}', 0, NULL, '2016-10-31 21:29:53', '2016-10-31 21:37:36', NULL, NULL, NULL, NULL, NULL, 'u', NULL, NULL, NULL, NULL, NULL, 'null', NULL, NULL, 'null', NULL, NULL, 'null', NULL, NULL);

-- --------------------------------------------------------

--
-- Table structure for table `fos_user_user_group`
--

DROP TABLE IF EXISTS `fos_user_user_group`;
CREATE TABLE IF NOT EXISTS `fos_user_user_group` (
  `user_id` int(11) NOT NULL,
  `group_id` int(11) NOT NULL,
  PRIMARY KEY (`user_id`,`group_id`),
  KEY `IDX_B3C77447A76ED395` (`user_id`),
  KEY `IDX_B3C77447FE54D947` (`group_id`)
) ENGINE=InnoDB DEFAULT CHARSET=utf8 COLLATE=utf8_unicode_ci;

-- --------------------------------------------------------

--
-- Table structure for table `migration_versions`
--

DROP TABLE IF EXISTS `migration_versions`;
CREATE TABLE IF NOT EXISTS `migration_versions` (
  `version` varchar(255) COLLATE utf8_unicode_ci NOT NULL,
  PRIMARY KEY (`version`)
) ENGINE=InnoDB DEFAULT CHARSET=utf8 COLLATE=utf8_unicode_ci;

--
-- Dumping data for table `migration_versions`
--

INSERT INTO `migration_versions` (`version`) VALUES
('20160726222633'),
('20160726225442'),
('20160727022501'),
('20160727233231'),
('20160812040225'),
('20160812040540'),
('20160908003519');

-- --------------------------------------------------------

--
-- Table structure for table `product_image`
--

DROP TABLE IF EXISTS `product_image`;
CREATE TABLE IF NOT EXISTS `product_image` (
  `id` int(11) NOT NULL AUTO_INCREMENT,
  `product_id` int(11) DEFAULT NULL,
  `file_name` varchar(255) COLLATE utf8_unicode_ci NOT NULL,
  `created_at` datetime DEFAULT NULL,
  PRIMARY KEY (`id`),
  KEY `IDX_64617F034584665A` (`product_id`)
) ENGINE=InnoDB DEFAULT CHARSET=utf8 COLLATE=utf8_unicode_ci;

--
-- Constraints for dumped tables
--

--
-- Constraints for table `acl_entries`
--
ALTER TABLE `acl_entries`
  ADD CONSTRAINT `FK_46C8B8063D9AB4A6` FOREIGN KEY (`object_identity_id`) REFERENCES `acl_object_identities` (`id`) ON DELETE CASCADE ON UPDATE CASCADE,
  ADD CONSTRAINT `FK_46C8B806DF9183C9` FOREIGN KEY (`security_identity_id`) REFERENCES `acl_security_identities` (`id`) ON DELETE CASCADE ON UPDATE CASCADE,
  ADD CONSTRAINT `FK_46C8B806EA000B10` FOREIGN KEY (`class_id`) REFERENCES `acl_classes` (`id`) ON DELETE CASCADE ON UPDATE CASCADE;

--
-- Constraints for table `acl_object_identities`
--
ALTER TABLE `acl_object_identities`
  ADD CONSTRAINT `FK_9407E54977FA751A` FOREIGN KEY (`parent_object_identity_id`) REFERENCES `acl_object_identities` (`id`);

--
-- Constraints for table `acl_object_identity_ancestors`
--
ALTER TABLE `acl_object_identity_ancestors`
  ADD CONSTRAINT `FK_825DE2993D9AB4A6` FOREIGN KEY (`object_identity_id`) REFERENCES `acl_object_identities` (`id`) ON DELETE CASCADE ON UPDATE CASCADE,
  ADD CONSTRAINT `FK_825DE299C671CEA1` FOREIGN KEY (`ancestor_id`) REFERENCES `acl_object_identities` (`id`) ON DELETE CASCADE ON UPDATE CASCADE;

--
-- Constraints for table `app_product`
--
ALTER TABLE `app_product`
  ADD CONSTRAINT `FK_3E1784E012469DE2` FOREIGN KEY (`category_id`) REFERENCES `app_category` (`id`) ON DELETE CASCADE;

--
-- Constraints for table `fos_user_user_group`
--
ALTER TABLE `fos_user_user_group`
  ADD CONSTRAINT `FK_B3C77447A76ED395` FOREIGN KEY (`user_id`) REFERENCES `fos_user_user` (`id`) ON DELETE CASCADE,
  ADD CONSTRAINT `FK_B3C77447FE54D947` FOREIGN KEY (`group_id`) REFERENCES `fos_user_group` (`id`) ON DELETE CASCADE;

--
-- Constraints for table `product_image`
--
ALTER TABLE `product_image`
  ADD CONSTRAINT `FK_64617F034584665A` FOREIGN KEY (`product_id`) REFERENCES `app_product` (`id`);

/*!40101 SET CHARACTER_SET_CLIENT=@OLD_CHARACTER_SET_CLIENT */;
/*!40101 SET CHARACTER_SET_RESULTS=@OLD_CHARACTER_SET_RESULTS */;
/*!40101 SET COLLATION_CONNECTION=@OLD_COLLATION_CONNECTION */;
